{
    "rmse": 0.1435208369018241,
    "mae": 0.116268,
    "r2": -0.00724844132029312
}